,Case,VRG Cost,V1G Cost,V2G Cost,VRH Cost,HEMAS Net
0,0.0,3490.0546766261973,3490.0546766261973,-39.6984667265722,-698.9588367661612,4189.013513392359
1,1.0,3490.0546766261973,3490.0546766261973,1176.831702347424,853.3961833781829,2636.6584932480146
